1	the	cube
1	the	black	bottle	with	the	white	cap
1	the	orange	cube
1	the	orange	cube
1	the	cup
1	the	orange	cube
1	orange	cube
1	the	cube
1	the	black	bottle	with	the	white	lid
1	orange	cube
1	the	orange	cube
1	the	cube
1	the	yellow	bowl
1	the	orange	cube
1	the	blue	bowl
1	the	red	cup
1	the	orange	cube
1	you
1	the	orange	cube
1	the	yellow	bowl
1	orange	cube
1	the	cup
1	orange	cube
1	orange	cube
1	the	yellow	bowl
1	the	orange	cube
1	the	yellow	bowl
1	the	orange	cube
1	yellow	bowl
1	the	orange	cube
1	the	tan
1	blue	bowls
1	you
1	the	orange	cube
1	the	the	brown	bowl
1	the	orange	cube
1	the	robot
1	the	brown
1	blue	bowls
1	orange	cube
1	you
1	wood	bowl
1	the	orange	cube
1	blue	bowl
1	the	orange	cube
1	the	blue
1	brown	bowl
1	orange	cube
1	the	orange	cube
1	the	yellow
1	tan	bowls
1	the	orange	cube
1	the	green	ball
1	the	orange	cube
1	the	lime
1	the	orange	block
1	3	bowls
1	orange	cube
1	the	yellow
1	wooden	bowls
1	the	orange	cube
1	the	robot
1	three	cups	colored	yellow
1	the	orange	cube
1	the	blue	bowl
1	the	lime
1	the	orange	cube
1	the	yellow	bowl
1	the	cube
1	the	yellow	bowl
1	the	orange	cube
1	the	yellow	bowl
1	orange	block
1	the	yellow	bowl
1	the	orange	cube
1	the	yellow	bowl
1	me
1	the	orange	block
1	the	robot
1	orange	cube
1	me
1	the	orange	cube
1	the	vaseline
1	the	purple	cube
1	the	orange	cube
1	the	vaseline
1	purple	cube
1	the	orange	cube
1	white	spoon
1	orange	cube
1	the	orange	cube
1	the	orange	cube
1	the	orange	cube
1	the	cube
1	the	vaseline
1	the	purple	cube
1	the	orange	cube
1	the	orange	cube
1	me
1	the	orange	cube
1	me
1	the	orange	cube
1	me
1	the	orange	cube
1	you
1	the	cube
1	you
1	the	orange	cube
1	the	lime
1	me
1	orange	block
1	the	person
1	the	cube
1	you
2	the	orange	cube
2	the	spoon
2	the	orange	cube
2	the	spoon
2	the	orange	cube
2	the	white	spoon
2	black	bottle
2	orange	block
2	the	spoon
2	the	orange	cube
2	the	orange	cube
2	orange	cube
2	the	spoon
2	the	orange	cube
2	the	robot
2	the	orange	cube
2	the	wooden	bowl
2	orange	cube
2	the	lime
2	wood	bowl
2	orange	cube
2	the	wooden	bowl
2	kiwi
2	the	orange	cube
2	the	lime
2	tan	bowl
2	the	orange	cube
2	you
2	the	orange	cube
2	the	green	ball
2	the	orange	cube
2	the	wooden	bowl
2	the	orange	cube
2	the	wooden	bowl
2	the	green	ball
2	the	cube
2	the	wooden	bowl
2	green	sphere
2	orange	cube
2	wood
2	blue	bowl
2	the	cube
2	the	green
2	blue	cup
2	orange	cube
2	the	blue
2	wooden	bowl
2	the	orange	cube
2	you
2	the	orange	cube
2	you
2	the	cube
2	the	blue	bowl
2	the	wooden	bowl
2	the	orange	cube
2	the	blue	bowl
2	the	wooden	bowl
2	the	cube
2	the	yellow	bowl
2	the	yellow	bowl
2	the	orange	cube
2	the	yellow	bowl
2	orange	cube
2	the	yellow	bowl
2	orange	cube
2	the	front	of	the	yellow	bowl
2	the	orange	cube
2	the	yellow	bowl
2	the	lime
2	the	orange	cube
2	the	yellow	bowl
2	the	orange	cube
2	the	blue	bowl
2	the	orange	cube
2	yellow	bowl
2	the	orange	cube
2	me
2	the	closest	cube
2	the	yellow	bowl
2	the	orange	cube
2	the	blue	bowl
2	the	yellow	bowl
2	orange	cube
2	the	blue	bowl
2	the	orange	cube
2	me
2	the	orange	cube
2	orange	cube
2	the	orange	cube
2	the	orange	cube
2	the	vaseline
2	the	orange	cube
2	the	cube
2	orange	block
2	the	orange	block
3	orange	cube
3	the	cube
3	the	furthest	cube
3	the	cube
3	the	cup
3	the	bowl
3	the	closest	orange	cube
3	the	mug
3	wooden	bowl
3	the	orange	cube
3	the	wooden	bowl
3	the	red	cup
3	orange	cube
3	the	orange	cube
3	orange	block
3	the	coffee	mug
3	the	orange	cube
3	the	mug
3	the	orange	cube
3	you
3	the	orange	cube
3	the	lime
3	tan	bowl
3	orange	cube
3	the	wooden	bowl
3	the	kiwi
3	orange	cube
3	the	brown	bowl
3	the	cube
3	the	tomato
3	the	green	bowl
3	the	cube
3	the	lime
3	the	wooden	bowl
3	orange	cube
3	the	wood	bowl
3	the	lime
3	the	orange	cube
3	the	lime
3	orange	cube
3	the	plastic	spoon
3	wood	bowl
3	the	orange	cube
3	the	yellow	bowl
3	orange	block
3	the	yellow	bowl
3	the	orange	cube
3	the	spoon
3	the	orange	cube
3	the	cube
3	the	spoon
3	beige	bowl
3	the	brown
3	yellow	bowl
3	the	orange	cube
3	the	spoon
3	the	orange	cube
3	the	fork
3	the	orange	cube
3	the	yellow	bowl
3	the	spoon
3	the	orange	cube
3	the	white	spoon
3	the	orange	cube
3	the	spoon
3	the	yellow	bowl
3	orange	block
3	the	plastic	spoon
3	the	orange	cube
3	me
3	the	orange	cube
3	you
3	the	cube
3	the	spoon
3	the	vaseline
3	the	orange	cube
3	the	white	spoon
3	blue	bowl
3	the	orange	cube
3	the	blue	bowl
3	the	orange	cube
3	the	blue	bowl
3	orange	cube
3	spoon
3	purple	cube
3	the	orange	cube
3	the	blue	bowl
3	orange	cube
3	the	orange	cube
3	the	blue	bowl
3	the	orange	cube
3	the	black	cube
3	the	petroleum	jelly
3	the	orange	cube
3	the	orange	cube
3	the	blue	bowl
3	the	orange	cube
3	the	blue	bowl
3	the	orange	cube
3	the	vaseline
3	the	orange	cube
3	the	vaseline
4	the	orange	cube
4	you
4	orange	cube
4	the	purple	cube
4	orange	block
4	the	coffee	cup
4	one
4	the	maroon	cup
4	the	orange	cube
4	you
4	the	orange	cube
4	the	purple	cube
4	garlic	press
4	the	orange	cube
4	the	table
4	the	orange	cube
4	the	blue	cube
4	the	orange	cube
4	the	mug
4	the	orange	cube
4	the	orange	cube
4	bottom	of	peeler
4	the	orange	cube
4	the	orange	cube
4	the	garlic	press
4	orange	cube
4	the	cube
4	the	garlic	crusher
4	the	orange	cube
4	orange	cube
4	the	spoon
4	the	orange	cube
4	all	objects
4	the	orange	cube
4	you
4	orange	cube
4	me
4	the	scoop
4	the	cube
4	the	scoop
4	the	cube
4	me
4	another	orange	cube
4	the	tool	with	the	rubber	handle
4	the	orange	cube
4	the	garlic	press
4	me
4	the	orange	cube
4	the	tool
4	the	orange	cube
4	me
4	the	cube
4	the	spoon
4	the	red	cup
4	the	orange	cube
4	the	mug
4	spoon
4	the	orange	cube
4	the	spoon
4	ice	cream	scoop
4	orange	cube
4	the	scoop
4	the	spoon
4	the	orange	cube
4	the	white	spoon
4	the	red	cup
4	the	cube
4	the	mug
4	the	spoon
4	the	orange	cube
4	the	spoon
4	the	garlic	press
4	the	orange	cube
4	the	spoon
4	the	orange	cube
4	the	pepper
4	the	orange	cube
4	white	spoon
4	the	white	spoons	handle
4	orange	cube
4	the	pepper
4	spoon
4	orange	cube
4	the	spoon
4	the	orange	cube
4	the	garlic	press
4	the	chili
4	the	spoon
4	the	orange	cube
4	me
4	the	orange	cube
4	the	jalepeno
4	the	orange	block
4	the	pepper
4	the	orange	cube
4	the	green	pepper
4	the	orange	cube
4	the	chili
4	orange	cube
4	the	green	pepper
4	the	cube
4	the	pepper
4	the	orange	cube
4	the	pepper	and	tan	cup
4	the	orange	cube
4	the	jalapeno
4	the	orange	cube
4	the	orange	cube
4	the	jalapeno	pepper
4	the	small	pot	for	plants
4	the	orange	cube
4	the	pot
4	the	chili
4	the	cube
4	the	pepper
4	the	cup
4	the	orange	cube
4	the	pepper
4	the	orange	cube
4	the	pot
4	the	jalapeno
5	the	orange	cube
5	the	cup
5	the	orange	cube
5	you
5	the	cube
5	you
5	the	red	cup
5	the	tool	with	the	rubber	handle
5	the	cube
5	the	mug
5	the	mouse
5	orange	cube
5	you
5	the	orange	cube
5	the	silver	object
5	the	red	mug
5	the	orange	cube
5	you
5	the	cube
5	the	cup
5	the	garlic	press
5	the	orange	cube
5	the	red	cup
5	the	orange	cube
5	the	orange	cube
5	the	cube
5	the	red	cup
5	the	orange	cube
5	the	red	cup
5	the	cube
5	the	mug
5	the	orange	cube
5	the	mug
5	the	orange	block
5	the	robot
5	the	mug
5	the	orange	cube
5	the	tool
5	the	orange	cube
5	me
5	the	second	one
5	the	orange	cube
5	the	garlic	press
5	the	cube
5	the	garlic	press
5	the	syringe
5	orange	cube
5	me
5	the	scoop
5	the	orange	cube
5	tan	cup
5	the	orange	cube
5	orange	cubes
5	orange	cube
5	the	tape
5	ice	cream	scoop
5	the	orange	cube
5	the	flowerpot
5	the	cube
5	the	syringe
5	the	little	cup
5	the	cube
5	the	tape
5	orange	block
5	the	tape
5	pot
5	the	orange	cube
5	the	tan	flowerpot
5	orange	cube
5	the	green	pepper
5	the	orange	cube
5	the	pepper
5	tape
5	the	orange	cube
5	the	pepper
5	the	black	tape
5	the	orange	cube
5	the	pepper
5	tape
5	the	orange	cube
5	two	other	orange	cubes
5	the	cube
5	the	tape
5	the	pepper
5	orange	cube
5	the	pepper
5	tape
5	the	orange	cube
5	the	orange	block
5	the	tape
5	purple	block
5	the	orange	cube
5	the	tape
5	purple	cube
5	orange	cube
5	the	cube
5	the	black	masking	tape
5	the	orange	cube
5	the	purple	cube
5	the	roll	of	black	tape
5	the	cube
5	the	cube
5	the	tape
5	the	purple	cube
6	orange	cube
6	the	orange	cube
6	the	tape
6	the	orange	cube
6	the	bigger	black	cube
6	the	orange	cube
6	the	brown	cup
6	the	orange	cube
6	the	cube
6	the	black	box
6	the	tool	with	a	black	handle
6	the	orange	cube
6	the	black	pencil	sharpener
6	the	other	black	and	metal	object
6	the	orange	cube
6	the	red	cube
6	the	garlic	press
6	the	orange	cube
6	the	syringe
6	the	orange	cube
6	the	tool
6	the	orange	cube
6	the	syringe
6	the	garlic	press
6	the	one
6	the	middle
6	the	cube
6	the	red	mug
6	the	garlic	press
6	the	the	orange	cube
6	orange	cube
6	the	orange	box
6	the	red	cup
6	the	orange	block
6	the	robot
6	the	two	mugs
6	the	orange	cube
6	the	mugs
6	the	red
6	tan	cups
6	you
6	the	orange	cube
6	the	red	cube
6	the	brown	cup
6	the	orange	cube
6	the	brown	cup
6	the	orange	cube
6	the	robot
6	orange	cube
6	the	coffee	mug
6	orange	cube
6	you
6	the	cube
6	the	cup
6	the	orange	cube
6	the	red	cup
6	the	cube
6	the	red	mug
6	the	orange	cube
6	the	syringe
6	red	mug
6	the	orange	cube
6	me
6	the	orange	cube
6	me
6	orange	cube
6	the	syringe
6	the	orange	block
6	the	orange	box
6	the	green	chili
6	the	orange	cube
6	the	chili
6	the	purple	cube
6	the	orange	cube
6	the	jalapeno
6	the	orange	cube
6	you
6	the	pepper
6	orange	cube
6	you
6	pepper
6	the	orange	cube
6	the	pepper
6	the	orange	cube
6	the	jalapeno
6	orange	cube
6	the	pepper
6	the	cube
6	the	pepper
6	the	purple	cube
6	orange	cube
6	the	green	pepper
6	the	orange	cube
6	the	jalapeno
6	the	far	purple	cube
6	the	orange	cube
6	the	pepper
6	the	orange	cube
6	chili
6	purple	cube
6	the	orange	cube
7	the	orange	cube
7	the	tape
7	the	cube
7	the	box
7	the	orange	cube
7	the	lemon
7	plane
7	orange	cube
7	the	tape
7	the	orange	cube
7	the	black	tape
7	the	orange	cube
7	the	black	tape
7	orange	cube
7	the	black	tape
7	the	electric	tape
7	the	orange	cube
7	the	orange	cube
7	me
7	the	orange	cube
7	me
7	cube
7	the	plane
7	the	lemon
7	orange	cube
7	me
7	the	cube
7	the	lemon
7	the	orange	cube
7	me
7	orange	cube
7	you
7	the	orange	cube
7	my	left
7	orange	cube
7	the	orange	cube
7	the	cords
7	tape
7	orange	cube
7	you
7	an	orange	cube
7	plane
7	the	orange	cube
7	you
7	the	orange	block
7	the	tape
7	cables
7	the	orange	cube
7	you
7	the	orange	cube
7	the	airplane
7	the	orange	cube
7	the	av	cables
7	the	syringe
7	the	orange	cube
7	the	cube
7	the	wire
7	the	syringe
7	orange	cube
7	the	wires
7	the	orange	cube
7	syringe
7	black	cord
7	orange	cube
7	the	syringe
7	cords
7	the	cube
7	the	syringe
7	the	cable
7	the	orange	cube
7	the	cords
7	the	orange	cube
7	syringe
7	the	cube
7	the	syringe
7	the	orange	cube
7	me
7	orange	cube
7	me
7	the	syringe
7	the	orange	box
7	the	cap
7	blue	box
7	the	orange	cube
7	the	syringe
7	the	orange	cube
7	the	syringe
7	the	orange	cube
7	the	orange	cube
7	the	pepper
7	the	orange	block
7	the	green	chili
7	the	orange	cube
7	the	jalapeno	pepper
7	the	orange	cube
7	the	pepper
7	the	orange	cube
7	the	chili
7	the	orange	cube
7	the	two	purple	cubes
7	the	orange	cube
8	the	orange	cube
8	the	lemon
8	pepper
8	the	orange	cube
8	the	lemon
8	the	pepper
8	the	orange	cube
8	the	chili
8	the	lemon
8	the	cube
8	the	red	pepper
8	the	lemon
8	the	orange	cube
8	the	lime
8	jalapeno
8	the	orange	cube
8	the	lemon
8	jalapeno
8	the	orange	cube
8	the	jalapeno	pepper
8	the	lemon
8	the	orange	cube
8	the	pepper
8	the	orange	cube
8	me
8	orange	cube
8	me
8	lemon
8	the	orange	cube
8	my	left
8	the	orange	cube
8	the	cube
8	the	lemon
8	the	orange	cube
8	you
8	the	orange	cube
8	me
8	the	orange	cube
8	you
8	the	orange	cube
8	jalapeno
8	airplane
8	the	orange	cube
8	you
8	the	orange	cube
8	you
8	the	orange	block
8	the	toy	airplane
8	green	chili	pepper
8	the	orange	cube
8	you
8	the	orange	cube
8	the	pepper
8	the	plane
8	the	orange	cube
8	you
8	the	orange	cube
8	the	plane
8	the	black	tape
8	the	orange	cube
8	the	yellow	toy
8	black	tape
8	orange	cube
8	the	plane
8	the	cube
8	the	third	orange	cube
8	the	orange	cube
8	aeroplane
8	orange	cube
8	the	toy
8	the	tape	roll
8	the	cube
8	the	tape
8	the	syringe
8	the	orange	cube
8	the	robot
8	the	roll	of	tape
8	the	orange	cube
8	me
8	the	orange	cube
8	me
8	the	orange	cube
8	the	roll	of	black	tape
8	it
8	the	orange	cube
8	the	black	tape
8	the	cube
8	the	tape
8	the	orange	cube
8	the	black	masking	tape
8	the	orange	cube
8	the	robot
8	two	pin	cable
8	the	cute
8	the	tape
8	the	cord
8	the	orange	cube
8	the	purple	cube
8	cords
8	the	orange	cube
8	the	cables
8	orange	block
8	the	orange	cube
8	the	black	tape
8	the	av	cables
8	orange	cube
8	the	orange	cube
9	the	orange	cube
9	the	orange	cube
9	the	green	cube
9	purple	cube
9	the	orange	cube
9	the	orange	cube
9	the	green
9	purple	cubes
9	the	orange	cube
9	the	green	cube
9	the	orange	cube
9	the	purple
9	red	cube
9	the	orange	cube
9	the	orange	cube
9	the	red
9	green	cubes
9	the	orange	cube
9	me
9	the	second	orange	cube
9	the	orange	cube
9	the	yellow	cube
9	the	orange	cube
9	me
9	the	orange	cube
9	the	red
9	purple	cube
9	the	orange	cube
9	me
9	the	orange	cube
9	you
9	two	red	cubes
9	the	orange	cube
9	you
9	the	orange	cube
9	the	two	red	cubes
9	the	orange	cube
9	you
9	orange	cube
9	the	cube
9	you
9	the	red	cubes
9	orange	cube
9	the	orange	cube
9	you
9	the	orange	cube
9	the	yellow
9	red	cubes
9	the	orange	cube
9	the	yellow
9	red	cube
9	the	orange	cube
9	the	red
9	yellow	cube
9	the	orange	cube
9	an	orange	cube
9	yellow	cube
9	orange	cube
9	orange	cube
9	the	orange	cube
9	the	yellow	cube
9	the	red	cube
9	the	orange	cube
9	red	cube
9	yellow	cube
A	the	orange	cube
A	the	orange	cube
A	the	jelly
A	the	orange	cube
A	the	robot
A	the	vaseline
A	orange	cube
A	the	orange	cube
A	vaseline
A	the	orange	cube
A	the	vaseline
A	orange	cube
A	the	blue	capped	container
A	the	orange	cube
A	the	vaseline
A	tan	bowl
A	the	orange	cube
A	the	vaseline
A	the	orange	cube
A	the	orange	block
A	the	bowl
A	vaseline
A	orange	cube
A	the	wooden	bowl
A	blue	capped	container
A	the	orange	cube
A	the	robot
A	the	orange	cube
A	the	vaseline
A	the	bowl
A	cube
A	the	vaseline
A	wooden	bowl
A	orange	cube
A	me
A	the	orange	cube
A	the	wooden	bowl
A	orange	block
A	the	robot
A	the	orange	cube
A	me
A	the	orange	one
A	me
A	the	orange	block
A	the	robot
A	orange	cube
A	me
A	the	orange	cube
A	the	chili
A	the	purple	cube
A	you
A	the	orange	cube
A	the	green	chili	pepper
A	purple	cube
A	the	orange	cube
A	the	jalapeno
A	orange	cube
A	the	pepper
A	the	orange	cube
A	you
A	the	orange	cube
A	you
A	the	orange	cube
A	you
A	the	cube
A	you
A	the	pepper
A	the	purple	cube
A	the	orange	cube
A	the	orange	cube
A	the	black	and	metal	object
A	the	orange	cube
A	the	orange	cube
A	the	tool
A	the	cube
A	the	garlic	crusher
A	the	cube
A	the	tool	with	the	black	handle
A	the	orange	cube
A	the	garlic	press
A	orange	block
A	the	cube
A	the	scoop
B	the	orange	cube
B	the	tool
B	the	orange	cube
B	the	garlic	press
B	the	orange	cube
B	orange	block
B	the	garlic	press
B	the	orange	cube
B	the	orange	cube
B	orange	cube
B	the	spoon
B	the	orange	block
B	the	robot
B	the	orange	cube
B	wooden	bowl
B	orange	cube
B	you
B	the	bowl
B	orange	cube
B	the	wooden	bowl
B	the	orange	cube
B	you
B	the	tan	bowl
B	the	orange	cube
B	me
B	the	orange	cube
B	the	bowl
B	the	orange	cube
B	the	wooden	bowl
B	the	orange	cube
B	the	wooden	bowl
B	the	cube
B	the	bowl
B	orange	cube
B	me
B	the	cube
B	the	black	and	chrome	object
B	the	syringe
B	orange	cube
B	the	spoon
B	the	orange	cube
B	me
B	the	orange	cube
B	me
B	the	cube
B	the	wooden	bowl
B	the	orange	cube
B	the	garlic	press
B	the	syringe
B	the	orange	cube
B	the	purple	cube
B	you
B	you
B	the	orange	cube
B	the	vaseline
B	orange	cube
B	orange	cube
B	the	bowl
B	the	blue	cube
B	the	orange	cube
B	the	vaseline
B	the	orange	cube
B	the	vaseline
B	you
B	the	orange	cube
B	the	vaseline	container
B	the	orange	cube
B	vaseline
B	the	orange	cube
B	the	vaseline
B	syringe
B	the	cube
B	the	syringe
B	the	vaseline
B	the	orange	cube
B	the	syringe
B	the	vaseline
B	orange	cube
B	the	orange	cube
B	the	vaseline
C	the	orange	cube
C	orange	cube
C	the	orange	cube
C	the	cube
C	the	red	pepper
C	the	orange	cube
C	the	cube
C	the	jalapeno
C	orange	block
C	the	orange	block
C	orange	cube
C	you
C	the	cube
C	the	first	row	of	cubes
C	orange	cube
C	you
C	orange	cube
C	the	orange	cube
C	the	purple	cubes
C	you
C	orange	cube
C	you
C	the	orange	cube
C	you
C	orange	block
C	the	robot
C	the	orange	cube
C	you
C	the	orange	cube
C	wood	bowl
C	the	orange	cube
C	the	pepper
C	tan	bowl
C	orange	cube
C	the	wooden	bowl
C	orange	cube
C	the	brown	bowl
C	the	cube
C	the	red	pepper
C	the	bowl
C	the	cube
C	the	wooden	bowl
C	the	pepper
C	orange	cube
C	the	green	pepper
C	wood	bowl
C	the	orange	cube
C	the	bowl
C	orange	cube
C	the	bowl
C	the	orange	cube
C	the	bowl
C	orange	block
C	the	wooden	bowl
C	the	orange	cube
C	you
C	the	orange	cube
C	the	orange	cube
C	the	petroleum	jelly
C	purple	cube
C	you
C	the	purple	one
C	the	orange	cube
C	the	purple	cube
C	me
C	the	orange	cube
C	me
C	the	orange	cube
C	the	bowl
C	the	furthest	purple	cube
C	the	orange	cube
C	the	vaseline
C	the	orange	cube
C	the	bowl
C	the	blue	cube
C	orange	block
C	the	robot
C	the	orange	cube
C	me
C	the	orange	cube
C	you
D	the	cube
D	the	bottle
D	the	pepper
D	the	orange	cube
D	the	orange	cube
D	the	green	chili	stem
D	the	orange	cube
D	the	bottle
D	orange	cube
D	the	orange	cube
D	the	pepper
D	orange	cube
D	the	orange	cube
D	me
D	the	orange	cube
D	me
D	the	orange	cube
D	me
D	the	orange	cube
D	the	toy
D	the	orange	cube
D	the	airplane
D	the	cube
D	the	toy	plane
D	the	far	cube
D	the	plane
D	the	bottle
D	the	orange	cube
D	the	syringe
D	orange	cube
D	the	syringe
D	dark	bottle
D	orange	block
D	the	pepper
D	syringe
D	one
D	the	syringe
D	the	orange	cube
D	the	pepper
D	syringe
D	the	orange	cube
D	the	syringe
D	pepper
D	the	orange	cube
D	the	jalapeno	pepper
D	the	orange	cube
D	plane
D	the	orange	cube
D	the	syringe
D	orange	cube
D	the	orange	cube
D	you
D	the	syringe
D	the	orange	cube
D	you
D	the	orange	cube
D	the	syringe
D	orange	cube
D	you
D	the	cube
D	the	syringe
D	the	orange	cube
D	you
D	the	orange	cube
D	you
D	the	orange	cube
D	you
D	the	orange	cube
D	two	purple	cubes
D	orange	cube
D	the	cube
D	the	plane
D	closer	purple	cube
D	the	cube
D	the	2	purple	cubes
D	the	orange	cube
D	purple	cube
D	you
D	the	orange	cube
D	the	plane
D	the	orange	cube
E	the	cube
E	the	pepper
E	the	purple	cube
E	the	orange	cube
E	the	pepper
E	the	orange	cube
E	you
E	orange	cube
E	you
E	the	green	pepper
E	the	orange	cube
E	the	orange	cube
E	the	pepper
E	the	purple	cube
E	the	orange	cube
E	the	purple	cube
E	the	chili
E	the	orange	cube
E	me
E	the	pepper
E	the	orange	cube
E	the	pepper
E	the	orange	cube
E	syringe
E	the	pepper
E	black	bottle
E	orange	cube
E	me
E	the	pepper
E	orange	cube
E	the	green	pepper
E	the	orange	cube
E	the	chili
E	the	orange	cube
E	you
E	the	orange	cube
E	the	syringe
E	the	orange	block
E	the	toy	plane
E	the	syringe
E	the	orange	cube
E	the	airplane
E	the	syringe
E	the	orange	cube
E	the	syringe
E	orange	cube
E	the	cube
E	the	plane
E	the	syringe
E	the	orange	cube
E	me
E	the	orange	cube
E	the	black	bottle
E	the	orange	cube
E	me
E	the	orange	cube
E	the	orange	cube
E	the	syringe
E	the	cube
E	the	syringe
E	the	orange	cube
E	the	syringe
E	the	orange	cube
E	the	bottle
E	the	dark	cube
E	the	orange	cube
E	the	syringe
E	the	orange	cube
E	the	cube
E	the	syringe
E	the	2	purple	cubes
E	the	cube
E	the	syringe
E	orange	cube
E	the	orange	cube
E	the	two	purple	cubes
E	the	orange	cube
E	the	cube
E	the	syringe
F	the	orange	cube
F	the	vaseline
F	the	orange	cube
F	the	orange	cube
F	the	cube
F	the	bottle
F	the	purple	cube
F	the	orange	cube
F	the	vanilla	extract
F	the	purple	cube
F	the	orange	cube
F	the	bottle
F	the	orange	cube
F	the	vanilla	extract
F	the	orange	block
F	the	robot
F	the	syringe
F	the	orange	cube
F	you
F	the	orange	cube
F	you
F	the	vaseline
F	the	orange	cube
F	the	petroleum	jelly
F	the	cube
F	the	vaseline
F	orange	cube
F	you
F	the	orange	cube
F	me
F	the	orange	cube
F	me
F	orange	cube
F	me
F	the	orange	cube
F	me
F	the	cube
F	the	vaseline
F	the	cube
F	you
F	the	vaseline
F	orange	block
F	the	robot
F	the	orange	cube
F	the	vaseline
F	orange	cube
F	the	pepper
F	the	blue	topped	container
F	the	orange	cube
F	the	pepper
F	the	orange	cube
F	the	vaseline
F	the	pepper
F	the	orange	cube
F	the	jelly
F	pepper
F	the	orange	cube
F	the	jar	of	vaseline
F	the	jalapeno	pepper
F	the	cube
F	the	vaseline
F	the	pepper
F	orange	cube
F	the	vaseline
F	pepper
F	the	orange	cube
F	the	orange	cube
F	the	wood	bowl
F	purple	block
F	the	orange	cube
F	the	pepper
F	orange	cube
F	the	green	pepper
F	the	cube
F	the	jalapeno
F	the	orange	cube
F	the	jalapeno	pepper
F	the	orange	cube
F	the	cube
F	the	bowl
G	orange	cube
G	the	syringe
G	vaseline
G	the	orange	cube
G	the	syringe
G	the	orange	cube
G	the	syringe
G	the	orange	cube
G	the	vaseline
G	the	syringe
G	the	orange	cube
G	the	cube
G	the	syringe
G	the	black	cube
G	the	orange	cube
G	the	syringe
G	the	purple	cube
G	the	orange	cube
G	me
G	the	orange	cube
G	you
G	the	orange	cube
G	me
G	the	orange	cube
G	you
G	the	orange	one
G	me
G	the	orange	cube
G	me
G	the	pepper
G	the	orange	cube
G	me
G	the	orange	box
G	the	green	chili
G	syringe
G	the	orange	block
G	the	robot
G	the	orange	cube
G	you
G	you
G	the	orange	cube
G	that	vanilla	extract
G	the	purple	cube
G	the	orange	cube
G	the	purple	cube
G	the	orange	cube
G	the	robot
G	orange	cube
G	the	vaseline
G	orange	cube
G	you
G	the	little	bottle
G	the	orange	cube
G	you
G	the	dark	container
G	the	cube
G	the	brown	bottle
G	the	orange	cube
G	the	bottle
G	petroleum	jelly
G	the	orange	cube
G	vaseline
G	the	orange	cube
G	the	vanilla	extract
G	orange	cube
G	the	orange	block
G	the	utensil
G	the	pepper
G	the	orange	box
G	the	green	chili
G	the	key	chain
G	the	orange	cube
G	the	garlic	press
G	the	chili
G	the	orange	cube
G	the	jalapeno
G	garlic	press
G	the	orange	cube
G	the	pepper
G	ice	cream	scoop
G	orange	cube
G	pepper
G	scoop
G	the	orange	cube
G	the	pepper
H	the	orange	cube
H	the	airplane
H	orange	cube
H	the	plane
H	the	cube
H	the	airplane
H	the	syringe
H	orange	cube
H	the	airplane
H	the	cube
H	the	plane
H	the	orange	cube
H	the	plane
H	the	orange	cube
H	the	toy	aeroplane
H	the	orange	cube
H	the	orange	cube
H	the	aeroplane
H	the	blue	box
H	the	orange	cube
H	the	plane
H	the	scoop
H	the	orange	cube
H	the	plane
H	orange	cube
H	the	garlic	press
H	the	plane
H	the	orange	cube
H	you
H	a	purple	cube
H	the	orange	cube
H	the	garlic	press
H	the	toy
H	orange	cube
H	the	plane
H	the	air	plane
H	the	orange	cube
H	the	ice	cream	scoop
H	yellow	toy
H	the	orange	cube
H	you
H	the	orange	cube
H	you
H	the	cube
H	the	scoop
H	orange	cube
H	you
H	the	cube
H	the	garlic	press
H	the	orange	cube
H	you
H	orange	cube
H	you
H	the	orange	cube
H	you
H	orange	cube
H	the	orange	cube
H	the	syringe
H	purple	cube
H	orange	cube
H	me
H	the	orange	cube
H	me
H	the	orange	cube
H	me
H	the	orange	cube
H	the	vaseline
H	plastic	syringe
H	the	orange	cube
H	me
H	the	orange	cube
H	the	vaseline
H	the	syringe
H	the	orange	cube
H	the	garlic	press
H	the	vaseline
H	the	orange	cube
H	the	ice	cream	scoop
H	vaseline
H	the	cube
H	the	scoop
H	the	vaseline
H	orange	cube
H	the	green	pepper
H	the	orange	cube
H	orange	cube
H	the	scoop
H	vaseline
H	the	cube
H	the	vaseline
H	the	tool	with	the	rubber	handle
H	the	orange	cube
H	the	vaseline
I	the	orange	cube
I	the	cube
I	the	bowl
I	the	orange	cube
I	orange	cube
I	the	red	cube
I	the	cup
I	the	orange	cube
I	the	bowl
I	the	orange	cube
I	that	bowl
I	the	orange	cube
I	the	vaseline
I	tan	bowl
I	the	orange	cube
I	the	vaseline
I	the	bowl
I	the	orange	cube
I	the	vase
I	the	orange	cube
I	the	jar	of	vaseline
I	the	orange	cube
I	the	vaseline
I	the	orange	cube
I	the	vaseline
I	the	wooden	bowl
I	the	orange	cube
I	the	petroleum	jelly
I	the	orange	cube
I	the	jar
I	the	orange	cube
I	the	pepper
I	tan	bowl
I	the	orange	cube
I	the	pepper
I	the	bowl
I	the	orange	cube
I	the	bowl
I	the	chili
I	the	cube
I	the	red	pepper
I	the	bowl
I	the	orange	cube
I	the	syringe
I	the	orange	cube
I	the	syringe
I	the	orange	cube
I	the	syringe
I	the	jalapeno	pepper
I	the	orange	cube
I	the	pepper
I	the	orange	cube
I	you
I	orange	cube
I	you
I	the	orange	cube
I	you
I	the	orange	cube
I	you
I	the	cube
I	the	red	pepper
I	the	orange	cube
I	closer	to	you
I	the	orange	cube
I	you
I	the	orange	cube
I	the	orange	cube
I	jalapeno
I	the	orange	cube
I	the	orange	cube
I	the	pepper
I	the	cube
I	the	green	chili	pepper
I	the	kitchen	utensil
I	the	orange	cube
I	the	green	pepper
I	the	orange	cube
I	the	pepper
I	garlic	press
I	the	orange	cube
J	the	orange	cube
J	the	bottle
J	the	orange	cube
J	orange	cube
J	the	pepper
J	the	orange	cube
J	orange	cube
J	chili
J	orange	cube
J	the	cube
J	the	little	bottle
J	the	orange	block
J	the	robot
J	the	orange	cube
J	me
J	the	orange	cube
J	me
J	the	orange	cube
J	the	jalapeno	pepper
J	the	orange	cube
J	the	chili
J	the	cube
J	the	red	pepper
J	the	orange	cube
J	the	green	pepper
J	the	orange	cube
J	the	robot
J	the	cube
J	you
J	the	black	bottle
J	the	syringe
J	the	orange	cube
J	the	syringe
J	bottle
J	the	vanilla	extract
J	orange	block
J	the	vanilla
J	the	orange	cube
J	the	syringe
J	the	vanilla	extract
J	the	orange	cube
J	the	vanilla
J	the	syringe
J	the	orange	cube
J	the	middle
J	the	orange	cube
J	the	tool
J	the	orange	cube
J	the	garlic	press
J	the	orange	cube
J	me
J	the	orange	cube
J	the	scoop
J	the	orange	cube
J	the	silver	utensil
J	the	orange	cube
J	the	garlic	press
J	the	orange	cube
J	me
J	the	orange	cube
J	the	garlic	press
J	the	orange	cube
J	the	tool
J	the	orange	cube
J	the	orange	cube
J	the	garlic	press
J	the	orange	cube
J	you
J	the	red	cube
J	the	syringe
J	the	orange	cube
J	the	purple	cube
J	the	garlic	press
J	you
